timestamp,aX,aY,aZ,gX,gY,gZ
0,0.3007,0.6113,1.5580,36.6211,41.9312,-75.2563
1,0.3368,0.4349,1.4968,-78.3081,17.0898,0.5493
2,0.4908,0.2555,1.3706,-169.9219,48.3398,46.6309
3,0.1997,0.0516,0.7848,-250.7324,-34.2407,128.9673
4,0.0651,0.2427,0.1045,-271.7896,-68.2983,147.7051
5,-0.0896,0.2626,-0.2181,-308.0444,-75.6836,186.3403
6,-0.4823,-0.2651,-0.9158,-273.9868,-15.4419,142.5781
7,-0.6177,-1.0608,-1.9785,-112.1216,22.8882,89.5386
8,-0.6979,-0.4031,-1.1599,150.4517,52.0630,-137.8174
9,-0.5280,0.1104,-0.7491,192.5659,25.5127,-160.5225
10,-0.2612,0.3348,-0.4058,202.4536,-5.1270,-87.2192
11,-0.1366,0.3435,-0.0980,247.6196,1.2817,-94.4824
12,0.1193,0.5474,0.6389,251.5869,5.3711,-117.7979
13,0.1409,0.5624,0.9915,206.4209,19.4092,-101.6846
14,0.1705,0.6436,1.0088,90.4541,4.5166,5.0049
15,0.1758,0.6285,1.1262,106.3232,13.8550,-37.6587
16,0.1191,0.3993,1.0112,61.7065,-6.8970,-1.0986
17,0.0404,0.0704,1.2683,-32.0435,-34.4238,22.0337
18,0.2086,0.5228,1.2611,22.5220,37.1094,-42.5415
19,0.3147,0.7028,1.7665,-72.0825,9.5825,6.5918
20,0.3220,0.3650,1.4161,-144.4092,13.4277,36.4990
21,0.1499,0.1962,0.8290,-227.7222,2.5635,78.6133
22,-0.0283,0.2476,0.1630,-266.7236,-32.2266,132.8735
23,-0.0741,0.2745,-0.1207,-286.2549,-107.4219,158.5693
24,-0.3412,0.1064,-0.7579,-245.6055,-85.6323,120.1172
25,-0.3856,-0.3802,-1.4783,-193.7256,42.2363,43.3960
26,-0.7645,-0.4508,-1.5609,4.4556,16.8457,-1.0376
27,-0.5651,-0.1001,-1.1000,124.1455,33.6914,-118.5303
28,-0.3901,0.1937,-0.7112,181.2134,31.7993,-99.6094
29,-0.2562,0.2892,-0.3905,221.4966,20.3857,-93.9941
30,-0.1487,0.3369,0.0913,238.0371,0.6104,-94.4824
31,0.0565,0.5348,0.8237,232.8491,41.5649,-99.4263
32,0.0287,0.4386,0.9866,189.8193,29.2969,-65.4907
33,0.0350,0.4650,1.1372,138.7939,-3.4790,-30.1514
34,0.2192,0.6646,1.3145,88.4399,-44.4336,-46.8140
35,0.5028,0.6990,0.8782,-9.6436,5.4932,6.2866
36,0.3267,0.5667,1.1362,-82.3975,37.4146,22.3389
37,0.2020,0.5905,1.2504,-94.3604,36.1938,24.2310
38,0.2167,0.5521,1.1123,-137.5732,3.8452,41.6260
39,0.1044,0.4153,0.7289,-184.8755,-6.7139,99.3652
40,-0.0623,0.3396,0.2305,-227.0508,-60.8521,117.4927
41,-0.1698,0.3724,-0.2078,-237.0605,-102.7832,134.2163
42,-0.3521,0.2396,-0.6931,-198.1201,-172.4854,164.4287
43,-0.2495,0.0054,-1.0610,-190.0024,47.8516,-0.7935
44,-0.6237,-0.3436,-1.4807,-112.0605,15.2588,53.2837
45,-0.5142,-0.0723,-1.1053,32.4097,11.1084,-31.3721
46,-0.4723,0.0023,-1.0576,101.8066,40.4663,-73.3643
47,-0.3904,0.2211,-0.8340,158.6304,28.2593,-81.8481
48,-0.3160,0.3251,-0.5355,184.6924,15.0146,-72.6929
49,-0.2474,0.4025,-0.2102,221.4966,38.2690,-92.4683
50,-0.1241,0.4822,0.3502,246.0937,45.1050,-110.5957
51,-0.0342,0.4896,0.6644,203.3691,63.7817,-82.5806
52,0.1298,0.5447,1.0068,158.0200,-6.3477,-42.7246
53,0.4247,0.6948,1.4802,153.5034,-11.5967,-45.3491
54,-0.0930,0.3839,0.8649,26.7334,-47.6685,19.5923
55,0.4941,0.6183,1.9664,9.5215,2.3804,18.1885
56,0.2961,0.5427,1.3854,13.6108,45.4102,-32.6538
57,0.3428,0.6472,1.5326,-79.1016,18.1885,26.0010
58,0.1664,0.4342,1.1074,-139.1602,6.4697,29.2358
59,0.0497,0.4355,0.7885,-153.0151,0.3052,48.2788
60,0.0723,0.4996,0.4951,-193.6646,-1.9531,78.0640
61,0.0283,0.5100,0.2136,-208.9233,-58.8379,104.6753
62,-0.1318,0.5042,-0.1583,-216.3086,-109.0088,126.0376
63,-0.3619,0.3413,-0.5565,-213.1348,-91.0645,118.8354
64,-0.4475,0.1406,-0.8682,-191.4673,-30.7617,67.5659
65,-0.3413,-0.2007,-1.3622,-108.2764,-29.4800,51.1475
66,-0.4484,-0.2194,-1.3331,15.1367,7.3853,-13.9771
67,-0.4410,-0.0487,-1.1161,110.9619,50.9644,-50.5371
68,-0.2750,0.2059,-0.7435,206.8481,11.9019,-48.9502
69,-0.3256,0.3365,-0.4991,188.7207,89.0503,-64.0259
70,-0.3252,0.3414,-0.0768,218.9331,72.0825,-57.7393
71,-0.2997,0.4081,0.4624,241.8823,82.0313,-98.6938
72,-0.0214,0.6484,1.0402,192.8101,57.9224,-82.2144
73,0.2358,0.8279,1.3372,108.8867,49.0112,-61.7676
74,-0.0100,0.4700,0.8535,59.6924,-11.2915,-22.7661
75,0.1539,0.5907,1.0392,35.2783,-3.2959,-20.2026
76,0.2162,0.3226,1.3303,-6.8970,-17.9443,-21.9727
77,0.2606,0.6249,1.4255,-23.6816,12.0239,-12.1460
78,0.1360,0.6691,1.3820,-103.1494,26.0620,15.8691
79,0.1335,0.4609,0.9993,-143.5547,16.7847,32.8979
80,0.0171,0.4094,0.7294,-165.6494,2.5024,75.3174
81,0.0042,0.5380,0.4036,-212.3413,-18.9819,84.8389
82,-0.1432,0.4209,-0.0806,-244.0796,-84.7778,125.6714
83,-0.2682,0.3114,-0.4866,-224.8535,-116.4551,132.4463
84,-0.3645,0.0813,-0.9268,-189.6362,-20.2637,35.6445
85,-0.3081,-0.3408,-1.4817,-125.7324,-27.2827,77.5757
86,-0.5757,-0.2798,-1.3839,36.1328,49.6216,-66.3452
87,-0.4177,-0.0615,-1.0740,125.9766,44.7388,-80.2612
88,-0.3523,0.2086,-0.7230,176.9409,35.1563,-74.6460
89,-0.2810,0.3353,-0.4481,205.6885,15.6860,-71.5942
90,-0.2057,0.4558,-0.0380,210.2661,35.9497,-82.7026
91,-0.1108,0.5962,0.4618,213.0737,-2.3804,-65.7349
92,-0.0896,0.7036,0.8187,167.1753,49.6216,-40.9546
93,0.0801,0.6699,1.1415,176.5747,59.6313,-76.4771
94,0.0115,0.5297,1.1259,113.1592,3.2959,-26.2451
95,0.1166,0.6514,1.1554,64.6362,-11.7798,1.2817
96,-0.0616,0.4956,0.9100,-20.6299,-19.7754,55.2979
97,0.1151,0.6249,1.2953,-26.2451,7.9956,-16.2964
98,0.0159,0.6735,1.3657,-64.4531,22.8882,10.0708
99,0.0779,0.4982,1.1071,-124.7559,11.1694,23.3765
100,0.0509,0.4733,0.8910,-165.7104,24.3530,48.5840
101,-0.0326,0.4910,0.5291,-202.4536,-51.8188,79.8950
102,-0.1162,0.5251,0.0618,-231.9336,-78.4302,91.1865
103,-0.0652,0.4137,-0.4263,-242.0654,-220.9473,157.9590
104,-0.3625,0.2026,-0.8420,-196.4722,-11.5967,24.6582
105,-0.3535,-0.1033,-1.1566,-150.0854,-11.1694,18.6768
106,-0.4135,-0.2554,-1.3994,-44.2505,-16.1743,4.2725
107,-0.2595,-0.0839,-1.1929,69.5190,2.7466,-18.1885
108,-0.3915,0.0378,-1.0681,103.0884,57.3120,-41.8701
109,-0.2681,0.2733,-0.7279,157.0435,48.4009,-65.6738
110,-0.1846,0.3534,-0.4812,181.6406,-44.0674,22.2778
111,-0.3506,0.2898,-0.3524,199.6460,81.4819,-32.9590
112,-0.3635,0.5181,0.3433,209.8389,88.5620,-53.5889
113,-0.1055,0.7537,0.9111,203.4302,115.9058,-89.8438
114,-0.2242,0.5662,0.8832,168.5791,32.5317,-56.0913
115,0.0146,0.6722,1.1343,106.2622,28.8086,-42.1753
116,0.0477,0.5967,1.1447,79.8340,3.0518,-12.9395
117,0.0795,0.6259,0.8450,-8.2397,12.1460,7.2632
118,0.1196,0.6051,1.1532,-58.9600,12.8174,7.6294
119,0.1339,0.6812,1.2842,-72.3877,30.8838,7.7515
120,0.1440,0.6003,1.1132,-128.9673,2.8687,42.6025
121,-0.0054,0.4897,0.8198,-174.1943,5.6152,90.3320
122,-0.1057,0.4624,0.4769,-211.2427,-38.3911,98.3887
123,-0.1691,0.4564,0.0782,-234.4360,-93.4448,105.0415
124,-0.3546,0.3187,-0.4393,-235.5347,-132.8735,131.4697
125,-0.3429,0.1034,-0.8430,-200.2563,-62.3169,85.3271
126,-0.3820,-0.2412,-1.1909,-179.9316,-4.3945,43.8232
127,-0.3655,-0.3896,-1.3505,-17.5171,-42.6636,41.0156
128,-0.4138,-0.2410,-1.2334,67.3218,48.4619,-65.1855
129,-0.3776,-0.0470,-0.9868,156.5552,51.1475,-76.4160
130,-0.2922,0.2515,-0.5796,210.2661,4.8218,-60.9741
131,-0.2570,0.3229,-0.3887,205.7495,68.2983,-83.1909
132,-0.2933,0.3918,0.0457,216.1255,73.5474,-67.6880
133,0.0549,0.8551,0.7627,195.1294,115.2344,-98.9380
134,-0.0442,0.7161,1.1044,222.5342,-27.4658,-39.6729
135,-0.0784,0.6570,0.9537,96.3745,-33.0200,-14.9536
136,0.0496,0.6317,0.9684,87.8906,23.3154,-33.8745
137,-0.0406,0.4464,0.9716,63.2324,-26.9165,-12.8784
138,0.0372,0.7802,1.1143,-24.3530,-0.7935,33.3252
139,0.1913,0.6417,1.3809,-95.1538,10.9863,14.2212
140,0.0310,0.5154,1.0990,-126.9531,22.5220,28.6255
141,0.0529,0.5134,0.8862,-149.7803,28.1372,36.3159
142,-0.0101,0.5009,0.6465,-186.1572,5.1270,64.1479
143,-0.1117,0.5277,0.2537,-216.6138,-59.4482,99.3652
144,-0.2732,0.4005,-0.1578,-223.8159,-114.0747,108.5815
145,-0.2458,0.3617,-0.4902,-200.8667,-177.6123,117.4316
146,-0.3014,0.1096,-0.8864,-190.7349,25.0854,-7.3242
147,-0.3439,-0.3417,-1.4742,-132.5684,-45.7764,61.5845
148,-0.2886,-0.1945,-1.2843,43.7012,-18.9209,-6.1035
149,-0.3801,-0.0634,-1.1736,102.7222,64.2090,-41.6870
150,-0.3759,0.1628,-0.8573,141.6016,56.3354,-56.0303
151,-0.2856,0.3009,-0.5173,189.0869,58.4717,-84.0454
152,-0.1873,0.4061,-0.1482,222.6562,31.5552,-73.5474
153,-0.1174,0.6296,0.5123,234.6802,31.3110,-69.5190
154,-0.2390,0.5530,0.6433,191.8335,6.8970,-35.5225
155,-0.0087,0.7391,0.8933,142.4561,42.7246,-20.3247
156,-0.0282,0.6814,1.0135,141.2964,32.5317,-48.5229
157,-0.1102,0.5548,1.0294,71.2280,-7.2021,-5.6763
158,0.0195,0.1650,1.1316,-49.6826,-29.7852,45.7153
159,0.0913,0.7736,1.4423,-29.7852,48.2788,2.0752
160,0.0165,0.7722,1.3994,-98.9380,6.1035,8.9111
161,0.0269,0.5870,1.1582,-159.3018,16.9678,24.5972
162,-0.0093,0.4581,0.8651,-209.4116,2.3193,79.7729
163,-0.1033,0.3170,0.2509,-249.1455,-78.6743,107.3608
164,-0.2024,0.2719,-0.2310,-244.2017,-112.5488,111.5723
165,-0.3367,0.2225,-0.6727,-217.4072,-66.3452,82.4585
166,-0.2764,0.0370,-0.9452,-178.9551,-52.3071,59.8145
167,-0.2020,-0.2655,-1.2128,-159.4238,-18.6768,55.6641
168,-0.2719,-0.4053,-1.3824,-2.6245,-16.9067,8.6670
169,-0.3245,-0.2141,-1.2007,69.9463,51.5137,-45.7153
170,-0.3416,-0.0233,-0.9928,139.8926,63.3545,-75.4395
171,-0.3009,0.2656,-0.6423,184.2651,31.7383,-62.9272
172,-0.2977,0.4326,-0.3823,192.9932,44.3115,-57.6172
173,-0.3706,0.5027,-0.0292,198.3032,46.1426,-44.4946
174,-0.2806,0.7290,0.5743,213.3179,102.6611,-77.3315
175,-0.0258,0.8279,0.7317,149.9634,68.1152,-69.5801
176,-0.1116,0.5970,0.6914,140.0757,-7.9956,-33.9355
177,-0.0554,0.6312,0.9551,93.3838,7.6294,-26.8555
178,0.0386,0.5806,1.0010,91.6138,-8.4229,-17.5781
179,0.5472,2.1396,3.0129,80.0171,-21.1182,-21.6064
180,0.1248,0.6440,1.4929,10.1318,34.3628,-12.6953
181,0.0680,0.7084,1.3263,-94.5435,-18.7988,24.1699
182,-0.0122,0.5228,1.0658,-145.4468,4.2114,38.2690
183,-0.0233,0.5045,0.8353,-174.1943,-1.4038,64.3921
184,-0.1053,0.4535,0.4677,-215.0879,-47.6074,84.6558
185,-0.2355,0.3925,-0.0691,-247.9858,-101.5015,105.2856
186,-0.2677,0.3353,-0.4435,-216.7358,-125.5493,107.1167
187,-0.3470,0.1376,-0.7607,-202.2095,-84.8389,58.1665
188,-0.1771,-0.2480,-1.2911,-153.6255,-81.2988,81.4819
189,-0.2473,-0.6105,-1.6985,15.6860,23.6816,-43.3350
190,-0.2783,-0.1344,-1.0961,131.4697,40.1611,-52.0020
191,-0.3116,0.1516,-0.8058,165.2832,60.7300,-65.4907
192,-0.3062,0.3704,-0.5005,178.8330,31.6162,-49.6826
193,-0.3223,0.4978,-0.1593,196.0449,45.1660,-54.6265
194,-0.2505,0.5565,0.0724,185.1196,40.0391,-47.5464
195,-0.1649,0.7229,0.4504,173.3398,53.4058,-43.0908
196,-0.1768,0.7476,0.7168,137.6343,53.2227,-40.5884
197,-0.1694,0.6179,0.8785,142.3340,41.5649,-51.4526
198,0.0155,0.6615,1.0239,118.7134,23.9868,-42.9688
199,0.5187,0.5292,2.0167,-30.1514,7.6904,-36.2549
200,0.2198,0.8269,1.5078,-17.8833,39.4897,-0.4883
201,0.1099,0.6918,1.2738,-115.7227,16.7236,21.3623
202,-0.0013,0.4573,0.8647,-171.9971,5.0659,42.4805
203,-0.0050,0.4899,0.6531,-193.2373,-22.0947,78.8574
204,-0.1338,0.4896,0.2324,-216.0034,-74.1577,96.6797
205,-0.2477,0.3602,-0.1964,-248.5962,-111.5723,113.8916
206,-0.2863,0.2186,-0.5337,-219.0552,-125.6104,125.1221
207,-0.2939,-0.0658,-0.9648,-210.4492,-46.4478,68.7256
208,-0.1809,-0.5891,-1.4041,-147.2778,-40.2832,75.8667
209,-0.3289,-0.6514,-1.5527,5.9204,28.5034,-42.4194
210,-0.4204,-0.2697,-1.1521,137.4512,48.9502,-54.6875
211,-0.3588,-0.0054,-0.8369,169.7998,78.4912,-102.2949
212,-0.3203,0.2333,-0.5505,216.0034,26.6724,-78.0640
213,-0.3167,0.3601,-0.2653,227.2949,41.6870,-81.7871
214,-0.1663,0.4957,0.1290,208.3130,62.3169,-79.4067
215,0.1426,0.8334,0.8047,223.8159,140.6250,-123.5352
216,0.1027,0.6195,1.0768,172.3022,16.9067,-22.3999
217,0.0909,0.7251,1.1359,94.8486,-5.5542,-24.1699
218,-0.0205,0.5220,0.7855,74.2188,-15.8691,-2.0752
219,-0.0088,0.4790,1.0071,66.7725,5.5542,-12.6343
220,0.0850,0.6271,1.5103,50.4761,-10.2539,-9.9487
221,0.2596,0.6403,1.6561,-64.6362,14.8315,-0.3662
222,0.1235,0.4554,1.3663,-128.5400,16.0522,39.9780
223,0.0492,0.4128,1.0327,-192.3218,11.0474,47.0581
224,-0.1390,0.2905,0.4797,-242.7368,-58.3496,99.3042
225,-0.2184,0.3164,-0.0293,-256.2256,-122.1313,117.1875
226,-0.3606,0.3735,-0.3638,-226.8677,-90.8203,71.2891
227,-0.3793,0.2534,-0.6793,-207.6416,-58.1055,69.8853
228,-0.3275,0.1526,-0.7897,-183.4717,-52.7954,65.4907
229,-0.1079,-0.3309,-1.3118,-127.4414,-64.5142,59.3872
230,-0.2261,-0.5376,-1.4763,-0.5493,19.4702,-14.4653
231,-0.5726,-0.2612,-1.1140,82.1533,72.3267,-53.7109
232,-0.4382,-0.0892,-0.9677,147.5830,65.3076,-102.1118
233,-0.3326,0.1448,-0.7029,203.3691,36.7432,-87.5854
234,-0.3058,0.2795,-0.3939,204.2236,57.4951,-80.9937
235,-0.1748,0.4451,0.1165,223.3887,38.6353,-72.0825
236,-0.0735,0.8553,0.8713,222.8394,76.7212,-97.9004
237,0.0404,0.6803,0.8832,163.4521,75.0732,-71.4722
238,-0.0895,0.7136,0.9039,103.5156,-60.7910,-3.9062
239,0.0865,0.7056,1.0804,115.2344,13.8550,-54.9927
240,-0.0415,0.5415,1.0054,57.7393,-21.9727,15.8691
241,0.1445,0.7914,1.4783,-16.1133,-6.2866,1.5259
242,0.1501,0.6870,1.4594,-89.7827,20.6909,-1.3428
243,0.0808,0.5515,1.1506,-155.0903,7.2021,31.4941
244,0.0072,0.4706,0.8019,-192.6880,-30.7617,79.8950
245,-0.1069,0.4587,0.2563,-217.2852,-76.1719,85.1440
246,-0.2145,0.4178,-0.1189,-236.9995,-78.9185,88.5620
247,-0.2817,0.2957,-0.5549,-225.6470,-92.8345,97.2290
248,-0.2988,0.1337,-0.7769,-198.2422,-48.9502,49.3774
249,-0.0426,-0.2346,-1.1912,-164.6729,-114.6240,104.8584
250,-0.1167,-0.4801,-1.5900,8.9111,-26.6724,-12.5732
251,-0.2478,-0.0157,-1.0791,43.5791,35.7666,-9.9487
252,-0.2738,-0.1730,-1.2218,82.7637,100.0977,-86.1816
253,-0.2941,-0.0089,-0.9772,148.8647,67.2607,-90.0269
254,-0.2711,0.2260,-0.6849,198.7915,36.8042,-68.9087
255,-0.2448,0.3365,-0.3719,216.3696,43.4570,-67.9321
256,-0.2427,0.4116,-0.0128,209.3506,45.7764,-51.3916
257,-0.0282,0.6741,0.5951,227.8442,60.4858,-64.2700
258,-0.0587,0.5107,0.7612,217.8955,41.3818,-33.7524
259,-0.0055,0.5186,1.1473,180.8472,36.4990,-61.1572
260,0.0654,0.6545,1.4758,104.1870,-10.2539,-6.8359
261,0.2582,0.9825,1.2209,14.2822,-31.7993,-10.5591
262,0.0493,0.6095,1.0723,-125.5493,-33.2031,33.5693
263,-0.0182,0.6350,1.0758,-104.6143,35.7056,12.4512
264,0.0104,0.6512,0.8660,-152.8320,3.4180,24.6582
265,-0.0906,0.5873,0.6146,-188.9648,-3.5400,66.5283
266,-0.1815,0.5015,0.2495,-222.7783,-64.3921,95.7642
267,-0.2767,0.4270,-0.1877,-230.7739,-102.5391,109.3140
268,-0.2902,0.2552,-0.4994,-214.2944,-158.6914,143.3716
269,-0.1548,-0.0485,-0.9481,-189.3921,-59.5703,46.2646
270,-0.2250,-0.6499,-1.5604,-147.3389,-44.2505,58.8379
271,-0.2524,-0.4207,-1.3334,40.4053,0.0610,-58.4717
272,-0.3010,-0.1387,-1.1327,119.3237,44.1284,-36.0718
273,-0.3229,0.0895,-0.8934,158.1421,49.3774,-59.9365
274,-0.2828,0.2604,-0.5978,177.3071,45.7153,-57.7393
275,-0.2661,0.3638,-0.3169,216.9189,52.0020,-70.9839
276,-0.2446,0.5576,0.2302,232.0557,71.4722,-92.4683
277,-0.2158,0.4709,0.6301,196.1670,52.7954,-92.2241
278,0.1361,0.7975,0.9098,157.6538,63.4155,-87.4634
279,0.3895,0.6641,1.1678,113.1592,45.4102,-94.2993
280,0.4039,0.7618,0.7156,66.5894,-42.1753,0.5493
281,-0.0029,0.7529,1.3286,62.6831,-17.5781,10.9863
282,0.4126,1.0432,1.6343,-67.0166,-16.7236,27.0386
283,0.0232,0.6259,1.0190,-124.2676,-44.3726,45.2271
284,-0.1113,0.5880,0.6354,-125.7935,3.4790,22.2168
285,0.0669,0.7639,0.7305,-139.4653,37.2925,35.4004
286,-0.0450,0.7472,0.5227,-176.5137,10.9863,61.5234
287,-0.1826,0.3578,0.0208,-218.5059,-58.8989,131.7139
288,-0.3209,0.3698,-0.3901,-199.4019,-37.4756,104.3701
289,-0.4421,0.3619,-0.6613,-174.1943,-51.6968,81.9092
290,-0.4464,0.0265,-0.9237,-174.6826,-30.3955,45.5322
291,-0.3401,-0.6050,-1.6191,-77.8198,-53.7720,70.5566
292,-0.4663,-0.0731,-1.0680,66.7725,18.0664,-46.4478
293,-0.3932,0.0403,-1.0039,97.9614,20.3857,-33.0811
294,-0.3634,0.1954,-0.8820,131.7139,29.6631,-54.5044
295,-0.3344,0.2883,-0.6689,166.2598,16.9678,-52.2461
296,-0.3259,0.3783,-0.4438,194.0918,30.5786,-64.3311
297,-0.3064,0.4446,-0.0466,230.5908,25.1465,-76.7212
298,-0.1598,0.5714,0.5989,234.7412,116.2109,-115.6616
299,-0.0253,0.7340,0.6967,141.9678,-23.0713,-36.9873
300,0.1411,0.7025,1.1396,175.6592,10.8032,-98.8159
301,-0.0962,0.5521,0.9910,79.7119,-40.8325,-13.3057
302,0.0754,0.6527,1.1782,55.7861,-20.6909,-6.2866
303,0.1681,0.6615,0.9873,-25.6348,3.5400,0.6104
304,0.2219,0.7312,1.3900,-81.7871,-3.3569,16.9067
305,0.1566,0.5856,1.2468,-125.2441,48.1567,11.1694
306,0.1143,0.4758,0.9120,-177.1240,6.4697,60.7910
307,-0.0682,0.4213,0.5400,-211.4258,-10.6201,95.7031
308,-0.1750,0.4861,0.0603,-243.4692,-69.2139,110.8398
309,-0.3068,0.2728,-0.4141,-238.2812,-82.7637,110.3516
310,-0.3140,0.1815,-0.7323,-202.2095,-95.8252,97.9614
311,-0.2316,-0.0803,-1.0636,-175.4150,-46.5088,60.4858
312,-0.1986,-0.3357,-1.4182,-91.0645,-56.3965,60.5469
313,-0.1959,-0.2347,-1.3418,24.4141,-7.5073,-18.0664
314,-0.2458,-0.0652,-1.1150,101.5625,46.7529,-29.2358
315,-0.2699,0.1775,-0.9155,134.6436,65.0024,-62.8052
316,-0.2491,0.3374,-0.6399,169.3726,49.8657,-51.9409
317,-0.2854,0.4105,-0.4756,192.0166,48.8281,-49.9268
318,-0.3523,0.4124,-0.1903,196.7773,66.0400,-54.4434
319,-0.1556,0.6195,0.3760,189.2090,105.3467,-69.3970
320,0.0624,0.8289,0.8422,191.8335,91.0645,-90.5151
321,0.0834,0.6050,1.0812,189.2090,18.2495,-52.7344
322,-0.0172,0.7681,1.0620,50.9033,7.0190,-4.2114
323,0.1372,0.5516,1.0753,74.1577,8.0566,-24.2920
324,-0.0453,0.6305,0.9713,10.4370,-3.7842,12.5732
325,0.0688,0.6093,1.2461,30.2124,14.7705,-21.4844
326,0.1941,0.8948,1.6708,-86.4868,15.3198,6.5918
327,0.1414,0.5596,1.2618,-140.4419,35.2173,20.1416
328,0.0620,0.4769,0.9010,-180.7251,7.8125,37.4146
329,-0.0515,0.4001,0.5698,-228.2104,-8.4229,82.3364
330,-0.0753,0.3013,0.0220,-277.9541,-135.0098,140.5640
331,-0.2773,0.3950,-0.4481,-214.2334,-74.9512,86.6699
332,-0.3867,0.2445,-0.7330,-187.3779,-34.6069,54.0771
333,-0.4347,0.0469,-0.9882,-161.1938,-52.5513,60.6689
334,-0.1827,-0.0137,-1.0355,-112.7319,-47.1802,42.0532
335,-0.2649,-0.3369,-1.4117,-45.2881,-33.9355,35.3394
336,-0.3245,-0.3916,-1.4603,87.7686,33.6914,-44.9829
337,-0.2883,0.0552,-0.9360,155.9448,34.4238,-48.2178
338,-0.1571,0.3135,-0.6310,155.0903,65.8569,-61.4014
339,-0.1475,0.3945,-0.4065,188.3545,66.4673,-54.9316
340,-0.1847,0.4185,-0.1648,212.0361,72.9370,-60.0586
341,-0.2449,0.4835,0.4385,257.8735,70.6177,-70.1904
342,-0.2091,0.4369,0.8046,210.0220,24.7803,-32.2266
343,-0.1163,0.5814,1.1134,174.9878,-15.6250,-36.4990
344,0.2617,0.7411,1.6816,148.4375,17.4561,-25.4517
345,-0.1204,0.8871,0.8702,-32.4707,-21.9116,20.2026
346,0.1571,0.6786,1.3063,-66.0400,-1.7700,-1.9531
347,0.0557,0.6093,1.1167,-107.9102,42.0532,6.8970
348,0.0427,0.5544,0.9071,-156.9824,-11.3525,46.2646
349,-0.1027,0.5336,0.5879,-177.9175,-8.3008,64.5142
350,-0.1750,0.5242,0.3208,-199.1577,-65.0024,78.9795
351,-0.2482,0.5016,-0.1130,-225.5859,-134.0332,94.1772
352,-0.2416,0.2964,-0.5813,-234.1919,-118.4082,100.6470
353,-0.2410,0.1530,-0.8718,-165.7715,-125.5493,84.4116
354,-0.1936,-0.1519,-1.2264,-142.2119,-1.2817,-11.1084
355,-0.1832,-0.3026,-1.4153,-34.9121,-35.5835,13.7329
356,-0.2161,-0.1538,-1.2411,72.6318,65.1855,-55.4810
357,-0.2832,0.1075,-0.9526,144.9585,49.0112,-49.7437
358,-0.2628,0.2883,-0.7286,160.8887,44.4946,-47.4854
359,-0.2742,0.4240,-0.4399,179.1382,43.8843,-36.9873
360,-0.2451,0.4784,-0.1326,199.6460,57.4341,-41.3818
361,-0.2180,0.5730,0.2683,212.3413,52.1240,-48.4619
362,-0.1371,0.5659,0.6646,201.0498,8.3618,-39.0625
363,-0.1975,0.6661,0.9088,133.3008,47.7905,-27.9541
364,-0.0060,0.5819,1.1475,138.0615,30.2124,-47.4243
365,0.1628,1.1569,1.9081,71.5942,35.1563,-28.8696
366,0.2031,0.8157,1.6616,-30.4565,2.0142,-17.5171
367,0.1488,0.5793,1.2147,-132.3242,20.0195,25.0854
368,0.0043,0.5143,0.9694,-177.9175,31.0669,38.0249
369,-0.1044,0.4352,0.5950,-217.5293,-8.3618,92.8345
370,-0.2052,0.4432,0.1022,-226.2573,-89.9048,107.4829
371,-0.2509,0.4100,-0.2155,-223.7549,-110.7788,97.7783
372,-0.2095,0.2307,-0.7079,-204.2847,-132.3242,122.7417
373,-0.2616,-0.0239,-1.0280,-165.5273,-23.4375,21.0571
374,-0.2036,-0.3656,-1.3757,-103.6377,-35.8276,38.0249
375,-0.1431,-0.2911,-1.3235,36.8652,14.2212,-41.2598
376,-0.1989,-0.0575,-1.1295,109.5581,48.5840,-42.4194
377,-0.2632,0.1411,-0.8906,146.4844,48.8892,-47.4243
378,-0.2612,0.3060,-0.6410,166.8701,64.2090,-55.6641
379,-0.1959,0.3859,-0.3597,196.7773,76.4771,-66.1621
380,-0.3110,0.4310,0.0029,230.9570,32.4097,-41.1377
381,-0.3140,0.5413,0.6462,228.0884,59.6313,-56.3965
382,-0.2583,0.5618,0.7056,151.6724,-27.2217,37.7808
383,-0.1571,0.6595,1.1720,186.8286,76.2939,-71.5332
384,-0.0775,0.5927,1.0891,86.6699,1.9531,-27.8931
385,0.2665,0.3489,2.0175,3.4790,55.9692,-82.5195
386,0.1134,0.7227,1.4072,-59.9976,43.5181,-6.2256
387,0.0511,0.5839,1.1475,-104.1260,29.2969,-8.2397
388,-0.0626,0.5116,0.9724,-141.0522,-7.5073,50.3540
389,-0.0652,0.5660,0.7450,-169.8608,11.1694,57.6172
390,-0.1593,0.5415,0.3884,-207.5806,-46.9360,70.2515
391,-0.2052,0.5038,0.0020,-223.0225,-96.2524,80.9326
392,-0.2156,0.3964,-0.3978,-223.2666,-98.5107,96.6187
393,-0.3647,0.2913,-0.6465,-193.6035,-102.1729,87.4023
394,-0.2026,-0.1256,-1.0914,-175.5371,-55.2368,48.3398
395,-0.0930,-0.5586,-1.5841,-71.3501,-0.7935,-3.1128
396,-0.2515,-0.3181,-1.3134,80.8716,44.3115,-33.9966
397,-0.2627,-0.0028,-0.9806,147.0947,50.8423,-50.1709
398,-0.2993,0.2201,-0.7655,166.0156,48.3398,-45.8984
399,-0.2792,0.3359,-0.5187,192.5659,57.2510,-53.3447
400,-0.2755,0.3959,-0.1176,215.6372,47.0581,-40.1611
401,-0.2557,0.4984,0.2644,222.4731,58.4106,-41.8091
402,-0.1755,0.6288,0.6803,199.4019,90.6372,-59.5703
403,0.0273,0.6262,0.9603,195.9229,85.9985,-59.0820
404,-0.0472,0.4845,1.2035,128.6011,25.3906,-31.6772
405,-0.0619,0.9789,1.5416,20.3247,-15.8081,4.2114
406,0.0096,0.5887,1.1006,38.0249,-8.4229,-18.0664
407,0.1035,0.7327,1.3955,-72.8760,-5.6763,-0.1221
408,0.0590,0.5634,1.3473,-145.9961,44.4336,22.7661
409,-0.0419,0.4502,0.9799,-198.5474,-10.7422,53.5889
410,-0.1182,0.3629,0.4712,-240.1123,-30.5786,76.1719
411,-0.1399,0.3656,-0.0748,-242.8589,-120.5444,108.8257
412,-0.2137,0.4193,-0.4386,-208.8623,-94.6655,73.0591
413,-0.2892,0.2091,-0.7467,-194.3970,-49.9268,63.5376
414,-0.3307,-0.0245,-1.0167,-167.9687,-31.1279,42.8467
415,-0.3494,-0.2760,-1.3188,-95.6421,-38.6963,38.9404
416,-0.3268,-0.3643,-1.4060,3.2349,3.8452,-32.6538
417,-0.2900,-0.1892,-1.2372,101.3794,28.8696,-23.7427
418,-0.3135,0.0682,-0.9402,164.7339,38.0859,-47.9736
419,-0.3162,0.2552,-0.6560,184.3872,45.8984,-52.1851
420,-0.3226,0.3451,-0.4098,204.4678,97.0459,-78.4302
421,-0.2833,0.3647,0.0170,216.5527,61.0962,-72.9980
422,-0.1124,0.5302,0.6581,226.6846,62.5000,-82.5806
423,-0.0358,0.5450,0.9058,185.9741,24.6582,-56.5186
424,0.0767,0.5872,1.0856,152.4658,-11.7798,-32.2266
425,0.0027,0.6527,1.3568,94.9097,-20.5078,-12.4512
426,0.1627,0.6683,1.6003,57.3120,-2.8076,-17.7002
427,0.1647,0.5944,1.3956,-51.6968,15.9912,9.0942
428,0.2174,0.6207,1.4614,-140.5029,21.3623,16.6626
429,0.0735,0.4321,1.1836,-188.7817,1.9531,47.9126
430,-0.0637,0.2947,0.6771,-249.1455,-28.4424,118.5303
431,-0.1191,0.3732,0.1990,-253.7231,-74.2188,101.9897
432,-0.2465,0.2396,-0.3250,-248.2910,-131.2866,117.1875
433,-0.3616,0.2458,-0.6851,-202.2095,-121.5820,96.4355
434,-0.1162,0.0078,-0.9963,-161.4990,-112.2437,71.4111
435,-0.0929,-0.3683,-1.3925,-119.3237,-57.6172,33.9355
436,0.0510,-0.5167,-1.5540,36.8042,0.9766,-4.1504
437,-0.2181,-0.0964,-1.1121,103.3325,87.5854,-48.7061
438,-0.2715,0.1152,-0.8804,157.7148,70.1294,-58.8989
439,-0.2859,0.2532,-0.6425,174.1333,66.1621,-53.3447
440,-0.2728,0.3606,-0.3153,203.0029,59.0210,-49.8657
441,-0.2950,0.4930,-0.0192,211.5479,42.3584,-31.5552
442,-0.1962,0.6239,0.6151,230.1636,92.7734,-71.2891
443,-0.1482,0.5544,0.8834,213.0127,51.9409,-72.2046
444,-0.0997,0.4583,1.2140,136.2915,20.8740,-43.8232
445,0.1135,0.6323,1.3739,85.1440,-15.0146,-17.2729
446,0.2378,0.8491,1.3606,19.0430,-1.4648,10.8032
447,0.1676,0.6545,1.4442,-38.1470,1.4038,5.9814
448,0.0958,0.6228,1.4965,-124.4507,27.4048,9.0942
449,0.0260,0.4498,1.1119,-188.3545,-9.2773,52.8564
450,-0.0365,0.3976,0.6499,-234.8022,-5.1270,91.5527
451,-0.0786,0.4445,0.1906,-245.0562,-59.2041,92.6514
452,-0.1902,0.2948,-0.4008,-236.5723,-148.3765,125.1221
453,-0.1989,0.2034,-0.7762,-172.9126,-181.7017,139.3433
454,-0.3087,0.1091,-0.9589,-153.0151,-41.6870,12.5732
455,-0.1200,-0.2201,-1.2938,-119.2017,-43.8232,4.5776
456,0.0094,-0.3414,-1.5067,4.3335,-9.7046,-13.3057
457,-0.0964,-0.1703,-1.3140,103.6377,34.7900,-24.7803
458,-0.1210,0.0914,-0.9237,170.1050,21.9727,-9.2773
459,-0.1365,0.3060,-0.6671,168.0908,91.3696,-31.0669
460,-0.2529,0.3894,-0.3776,181.2134,98.9380,-31.2500
461,-0.2351,0.5536,0.1136,226.5015,90.6372,-48.2178
462,-0.2977,0.5988,0.5742,237.7319,109.6191,-91.9800
463,-0.1650,0.5197,0.8160,179.5654,56.1523,-64.0869
464,-0.0034,0.6323,1.1219,122.0093,-14.2212,-36.4990
465,0.2126,0.7192,1.2810,119.1406,7.9956,-44.7388
466,0.0461,0.4994,0.8983,20.5688,-27.5269,7.6904
467,0.0471,0.4852,1.1514,33.9966,5.8594,-14.7095
468,0.1667,0.6700,1.6490,0.4272,-27.8320,-5.8594
469,0.0981,0.5126,1.4111,-124.0234,30.2124,3.2959
470,0.0662,0.4205,1.0914,-179.5654,2.3193,57.4951
471,0.0181,0.4347,0.7803,-218.5059,-6.8970,91.4307
472,-0.0952,0.3840,0.1803,-257.3853,-64.7583,107.7881
473,-0.2360,0.3788,-0.1924,-258.5449,-73.8525,94.0552
474,-0.3124,0.2794,-0.6687,-210.3882,-101.1353,93.1396
475,-0.3031,0.0392,-0.8787,-200.5005,-23.2544,53.8940
476,-0.1755,-0.2317,-1.1104,-149.9023,-67.7490,94.9097
477,-0.2352,-0.6399,-1.6672,-16.6016,-27.0996,5.8594
478,-0.2845,-0.3300,-1.1984,104.4312,46.6309,-45.2881
479,-0.3025,-0.0107,-0.9397,165.8936,36.1938,-59.0210
480,-0.2932,0.2747,-0.6790,179.3823,23.4375,-44.5557
481,-0.2877,0.4696,-0.4500,172.2412,32.2266,-34.1187
482,-0.3370,0.5352,-0.2565,157.9590,56.3354,-20.0806
483,-0.4066,0.5902,0.0583,181.3354,50.5981,-28.1982
484,-0.2571,0.6116,0.3970,181.0913,43.8843,-30.3345
485,0.0465,0.8029,0.8379,208.1909,142.3950,-115.3564
486,-0.1097,0.6033,0.8182,131.8359,-63.8428,-23.0103
487,0.0507,0.6488,1.0851,108.2153,20.6299,-17.2119
488,0.0328,0.5911,1.1110,86.3037,-15.3198,-22.6440
489,0.1840,0.8979,1.4489,25.5127,-38.0859,-3.2349
490,0.0454,0.6559,1.3369,-127.0752,-2.4414,17.0898
491,0.0455,0.5034,1.1257,-173.7061,24.5361,41.6870
492,-0.0115,0.4780,0.7567,-226.0132,-14.0991,102.0508
493,-0.1244,0.3635,0.1073,-254.0894,-87.5854,104.2480
494,-0.2767,0.2839,-0.3484,-238.0371,-166.0767,141.1133
495,-0.3882,0.2109,-0.6372,-191.8945,-52.2461,52.6123
496,-0.2969,0.1064,-0.8763,-141.5405,-107.4219,63.1104
497,-0.1372,-0.2710,-1.3378,-98.9380,-64.5142,23.2544
498,-0.1073,-0.5046,-1.6212,29.2358,17.1509,-29.9072
499,-0.1864,-0.0602,-1.0735,127.9907,52.3071,-44.6777
500,-0.2700,0.2482,-0.7526,163.5742,48.6450,-46.5698
501,-0.2734,0.4086,-0.4971,170.3491,55.1758,-42.8467
502,-0.2263,0.5138,-0.2659,173.1567,55.0537,-33.4473
503,-0.2571,0.6019,0.0540,197.6929,67.4438,-54.9316
504,-0.1818,0.5695,0.5099,213.5010,48.6450,-58.1665
505,-0.1338,0.5530,0.7928,190.5518,39.0625,-46.5698
506,0.0781,0.7318,1.2556,168.1519,63.5376,-67.4438
507,0.0894,0.6117,1.2617,108.1543,-22.8882,-12.5122
508,-0.0551,0.4874,1.4321,-43.7012,-17.9443,13.9160
509,0.1034,0.6855,1.7167,-19.5923,16.6626,-14.2212
510,0.0551,0.6849,1.4658,-132.8735,12.6343,16.2964
511,0.0106,0.4133,1.1792,-199.0356,2.4414,53.7109
512,-0.0348,0.3577,0.6495,-238.8306,-13.4277,84.1675
513,-0.1216,0.3342,0.0435,-252.5024,-93.9331,108.5205
514,-0.2214,0.3031,-0.3911,-228.2715,-131.2256,107.4829
515,-0.3020,0.2179,-0.7245,-193.8477,-83.4961,79.3457
516,-0.2891,0.0419,-1.0096,-172.1191,-22.6440,26.8555
517,-0.2419,-0.3948,-1.4413,-92.2852,-39.9170,25.1465
518,-0.1859,-0.4194,-1.4702,52.6733,36.4380,-44.6777
519,-0.2675,-0.0566,-1.0548,130.6152,33.6304,-22.2168
520,-0.2966,0.1820,-0.7809,172.9736,53.7720,-52.7954
521,-0.3029,0.3461,-0.5452,188.6597,68.3594,-74.0967
522,-0.3094,0.3860,-0.2634,209.5947,38.5742,-67.3828
523,-0.2562,0.5088,0.2533,227.5391,51.6357,-77.3315
524,-0.1598,0.4786,0.6534,214.4775,39.1846,-58.3496
525,-0.0515,0.5493,0.9510,198.7305,15.1367,-18.2495
526,0.2273,0.8765,1.7349,125.3662,28.3813,-47.7905
527,0.0031,0.5543,0.9541,26.1841,-28.5645,10.3760
528,0.0452,0.6102,1.2236,20.3247,12.1460,-3.4180
529,0.2075,0.8024,1.6770,-52.6123,16.5405,-21.1182
530,0.1517,0.5663,1.3757,-145.9351,26.6724,26.7334
531,0.0054,0.4027,1.0081,-208.8013,9.0332,48.1567
532,-0.0498,0.3170,0.5875,-258.6670,-17.0288,76.2939
533,-0.1021,0.2925,-0.0878,-269.2871,-119.1406,117.4927
534,-0.2500,0.2832,-0.5784,-226.5015,-72.6929,76.8433
535,-0.2249,0.0945,-0.8888,-196.1060,-45.8984,57.1899
536,-0.1614,-0.2994,-1.3125,-161.3159,-35.2783,63.4155
537,-0.2103,-0.5146,-1.5944,-18.5547,-12.5122,19.1650
538,-0.2405,-0.2783,-1.2866,104.6143,63.2935,-57.6782
539,-0.2886,0.0508,-0.9321,171.4478,44.1895,-54.1382
540,-0.2288,0.2867,-0.6376,193.4814,60.1807,-73.4253
541,-0.1436,0.4320,-0.2717,220.9473,40.8325,-62.7441
542,-0.2244,0.4070,0.0211,241.3940,37.5366,-57.3730
543,-0.0441,0.6040,0.5348,225.9521,94.1162,-78.7964
544,-0.0471,0.5442,1.0632,223.3887,106.0791,-60.5469
545,-0.0962,0.4532,1.2937,126.0376,-42.8467,-17.3950
546,0.1035,0.7194,1.5524,70.8618,-15.4419,-13.0005
547,0.0559,0.5281,1.1891,-2.8076,-10.0708,1.0986
548,0.1028,0.6534,1.3502,-57.9224,15.8081,-7.1411
549,0.1617,0.6488,1.3323,-102.2339,33.2642,7.9346
550,0.0975,0.5708,1.1115,-156.4941,-9.7656,36.6211
551,-0.0187,0.4720,0.8152,-222.2900,10.4980,67.3218
552,-0.0916,0.3265,0.1715,-271.2402,-89.5996,110.1074
553,-0.1694,0.3717,-0.4116,-227.5391,-131.1646,106.5063
554,-0.0857,0.3712,-0.5979,-180.7251,-198.4863,137.4512
555,-0.2343,0.0955,-1.0225,-174.3774,7.6904,-17.0898
556,-0.1052,-0.2744,-1.3007,-136.2305,-22.8882,15.8081
557,-0.2704,-0.4777,-1.5552,42.2363,23.8037,-53.5889
558,-0.1909,-0.0865,-1.1157,125.4272,39.0015,-39.3066
559,-0.2083,0.2402,-0.8085,169.1895,46.5698,-56.4575
560,-0.2148,0.3655,-0.5826,183.5937,45.1660,-48.2178
561,-0.1776,0.4410,-0.2761,194.9463,55.9082,-36.3770
562,-0.1703,0.4270,0.2443,244.2017,67.9321,-38.3911
563,-0.2036,0.4121,0.7390,249.4507,55.7251,-39.9170
564,0.0336,0.6810,1.0303,175.9644,47.8516,-42.0532
565,0.0125,0.5551,1.2479,162.1094,48.0347,-41.8701
566,0.0187,0.5005,1.3717,49.7437,-18.9819,-2.1362
567,-0.0295,0.5596,1.3956,8.4229,-9.4604,-3.9062
568,0.0128,0.5762,1.2107,-99.0601,-7.2632,12.1460
569,0.0135,0.5443,1.1471,-131.3477,22.8882,27.4048
570,-0.0055,0.5536,0.8698,-162.9639,7.0801,34.7900
571,-0.1421,0.4728,0.4862,-187.3169,-46.5088,91.4307
572,-0.2698,0.4763,0.0629,-229.4312,-79.5898,73.9136
573,-0.2982,0.4570,-0.2999,-219.6655,-119.9341,76.4771
574,-0.2615,0.3057,-0.6462,-211.6089,-123.7793,74.2798
575,-0.1328,0.1439,-0.9106,-167.2363,-94.3604,37.1094
576,0.0009,-0.3137,-1.4801,-128.9673,-40.8936,27.5879
577,-0.0939,-0.3909,-1.5582,16.4185,24.9023,-31.0669
578,-0.1511,-0.0865,-1.1733,114.3799,52.5513,-41.5649
579,-0.1732,0.2256,-0.8113,163.9404,61.8896,-56.0303
580,-0.2018,0.3776,-0.5543,180.1147,63.5376,-52.8564
581,-0.1515,0.4399,-0.2478,195.7397,69.6411,-48.6450
582,-0.1932,0.5896,0.3785,236.5723,110.0464,-74.3408
583,-0.1753,0.5748,0.6479,186.0352,52.1851,-44.9219
584,-0.0549,0.5300,0.8983,165.5884,17.5171,-20.9351
585,0.0834,0.7406,1.3413,118.1641,-10.4370,-26.3672
586,0.0016,0.5200,1.0096,81.1768,-20.3857,-4.8828
587,-0.0132,0.4149,1.0903,-40.8325,-4.9438,44.3115
588,0.2299,0.7594,1.7463,-93.3838,25.0854,-13.1836
589,-0.0015,0.4948,1.2657,-164.2456,2.5635,41.9922
590,0.0372,0.4932,0.9050,-222.7783,-9.3384,60.7910
591,-0.1144,0.2767,0.3433,-286.3770,-59.1431,119.9341
592,-0.2117,0.2024,-0.2902,-262.6953,-124.6338,130.4321
593,-0.3376,0.2023,-0.6122,-194.5190,-114.6851,98.2666
594,-0.2106,-0.0371,-1.0273,-150.8789,-94.0552,66.3452
595,-0.1873,-0.5946,-1.6921,-64.6973,-17.0288,4.3335
596,-0.1367,-0.2855,-1.3470,93.5669,22.8882,-55.8472
597,-0.2189,0.0631,-0.9675,150.8179,57.0679,-46.0205
598,-0.2115,0.2811,-0.6769,183.7158,55.1147,-48.0347
599,-0.1641,0.3781,-0.3883,201.1108,60.3638,-44.4336
600,-0.2458,0.3512,-0.0138,224.7314,71.7773,-42.6025
601,-0.2043,0.6602,0.6450,226.0132,94.7876,-65.6128
602,-0.1077,0.6382,0.7460,194.3970,101.1353,-19.4092
603,-0.0015,0.5326,1.1517,149.4141,8.8501,-51.3306
604,0.1405,0.6831,1.5326,88.3789,-26.9165,-23.9868
605,0.2421,0.7783,1.6699,-12.4512,-5.7373,-8.0566
606,0.1011,0.5942,1.3911,-99.7925,9.5215,3.2959
607,0.1171,0.5482,1.2218,-164.1235,44.6777,43.2129
608,0.0062,0.4277,0.8573,-219.8486,-42.3584,100.8301
609,-0.1205,0.3036,0.2327,-268.0054,-77.5146,110.5957
610,-0.2522,0.3203,-0.2113,-242.8589,-122.0703,98.0835
611,-0.2911,0.2754,-0.6139,-214.2334,-97.5342,87.1582
612,-0.1719,0.1489,-0.8529,-167.2974,-139.0381,76.1108
613,0.0973,-0.3572,-1.4307,-116.2109,-60.8521,31.1890
614,-0.1292,-0.4917,-1.6486,18.4326,13.6108,-11.3525
615,-0.2537,-0.0801,-1.1279,126.6479,81.7871,-75.1343
616,-0.2161,0.1890,-0.7949,181.7017,70.8618,-80.2002
617,-0.1879,0.3588,-0.5203,183.8379,61.5845,-61.4624
618,-0.1644,0.4094,-0.2190,213.3179,41.5649,-42.4194
619,-0.2538,0.4269,0.2865,247.0703,46.1426,-49.6826
620,-0.0680,0.3816,0.7903,262.5732,81.7871,-76.5991
621,-0.1251,0.6571,1.2600,182.0679,-2.9297,-43.5791
622,0.1611,0.5566,1.3583,151.1230,42.2974,-56.0303
623,0.2430,0.2817,1.7158,-40.1611,-22.7051,-1.7090
624,0.1476,0.5503,1.5188,-91.4307,38.5132,2.0142
625,0.1400,0.5209,1.2770,-137.3291,33.4473,29.7241
626,0.0922,0.4316,1.0516,-210.0220,4.1504,62.3169
627,-0.0675,0.2955,0.4211,-263.7329,-35.2173,101.2573
628,-0.1863,0.3300,-0.0830,-271.8506,-107.9712,106.9336
629,-0.2233,0.1976,-0.5890,-244.0796,-165.2832,121.2158
630,-0.1537,0.0601,-0.9039,-196.7773,-76.9043,44.2505
631,0.0599,-0.3998,-1.5104,-144.2871,-70.6177,43.2739
632,0.0013,-0.4237,-1.5204,20.6909,50.7813,-60.3638
633,-0.1421,-0.1547,-1.1976,105.1025,70.0073,-32.2876
634,-0.3093,0.1075,-0.8733,178.9551,64.5752,-49.8047
635,-0.2905,0.3004,-0.5311,195.6177,66.4673,-55.1147
636,-0.2628,0.3988,-0.2094,210.1440,85.7544,-68.7256
637,0.0007,0.7231,0.4512,219.3604,143.6157,-124.8779
638,-0.1096,0.5900,0.6428,191.1621,-12.5122,-44.8608
639,-0.1917,0.6210,0.9594,157.5317,2.0142,-50.7813
640,0.1447,0.7446,1.1324,98.0835,9.0942,-32.4097
641,-0.0934,0.4371,0.7418,74.5239,-53.0396,11.4746
642,0.0419,0.5874,1.3375,80.6885,9.0332,-28.2593
643,0.2233,0.8815,1.9320,22.3389,-12.2681,-37.1704
644,0.1833,0.4778,1.3895,-179.2603,10.4370,13.4277
645,0.0404,0.3452,1.0564,-202.8198,18.4937,54.9927
646,-0.0696,0.2610,0.5264,-266.2964,-15.1978,105.2246
647,-0.2030,0.2218,-0.1104,-256.1035,-115.6616,121.9482
648,-0.2845,0.2932,-0.6074,-204.6509,-133.3618,96.2524
649,-0.2815,0.2207,-0.8204,-163.0249,-81.4209,69.4580
650,-0.1923,0.0205,-1.0757,-149.7803,-50.1099,39.4287
651,-0.1063,-0.3286,-1.5012,-70.0684,-50.4761,28.0762
652,-0.2633,-0.3730,-1.5109,58.5327,76.7212,-43.8843
653,-0.2638,-0.0115,-0.9814,147.8882,68.4814,-53.1006
654,-0.2253,0.2745,-0.5792,175.1709,47.7295,-21.1792
655,-0.3165,0.3511,-0.3594,197.1436,56.8848,-32.5928
656,-0.3481,0.3657,-0.0442,224.4263,59.1431,-53.8940
657,-0.2683,0.5219,0.3789,213.0737,97.9614,-77.8809
658,-0.2720,0.5505,0.9417,198.8525,36.1328,-47.9126
659,-0.1329,0.6611,1.0264,169.3115,26.6724,-58.3496
660,0.1749,0.6978,1.2188,105.7739,27.1606,-16.1133
661,0.0334,0.6057,1.3011,76.8433,7.6294,-12.6343
662,0.0226,0.7286,1.5767,-44.6777,3.9673,-3.8452
663,0.0999,0.6812,1.3994,-141.4795,20.9351,8.1787
664,0.0176,0.5044,1.0457,-199.3408,-9.3994,46.7529
665,-0.0919,0.3445,0.5963,-239.3799,-15.1367,65.6738
666,-0.1536,0.2493,-0.0454,-260.8032,-121.0938,114.0747
667,-0.3124,0.3192,-0.4747,-217.3462,-110.2295,78.9795
668,-0.2435,0.1169,-0.8253,-197.9370,-109.3750,91.1255
669,-0.0042,-0.1351,-1.1611,-158.2642,-45.6543,42.8467
670,-0.0839,-0.5078,-1.6218,-48.0347,-38.0249,42.2974
671,-0.0741,-0.2653,-1.3463,87.2803,53.4058,-54.5044
672,-0.1949,0.1166,-0.9434,158.0200,45.1050,-30.2124
673,-0.2109,0.3000,-0.6716,177.9175,62.3169,-42.6636
674,-0.2029,0.3845,-0.4390,192.5049,80.9326,-44.1895
675,-0.1726,0.4081,-0.1029,212.9517,67.3828,-26.9165
676,-0.1840,0.4436,0.3673,253.6621,82.0313,-44.6167
677,-0.0935,0.5486,0.9093,216.4307,83.1299,-33.2031
678,-0.1582,0.4976,1.2091,175.8423,12.3901,-37.4756
679,-0.0747,0.5215,1.4224,103.8818,17.5171,-30.3345
680,-0.1625,0.4414,1.2634,-52.6123,-43.3960,57.8613
681,0.0153,0.5476,1.4137,-76.2329,13.7329,-6.5918
682,0.0521,0.5793,1.3357,-124.8779,26.3672,24.3530
683,-0.0054,0.4712,1.0416,-199.8901,-28.7476,53.2837
684,-0.1310,0.3378,0.4481,-263.4888,-42.4194,76.4771
685,-0.2235,0.2676,-0.2312,-263.3667,-155.0293,111.2061
686,-0.2477,0.2535,-0.5858,-215.8813,-143.0664,94.1162
687,-0.1306,0.0916,-0.8826,-180.9082,-163.2080,87.1582
688,0.0844,-0.2700,-1.3555,-140.8691,-29.0527,1.5259
689,0.0643,-0.4757,-1.6166,23.3765,-3.1738,-11.9629
690,-0.0778,-0.0691,-1.1517,119.8120,79.4678,-53.4668
691,-0.1509,0.1938,-0.8110,164.7339,103.6377,-69.4580
692,-0.1764,0.3542,-0.5776,174.4385,93.5669,-60.9741
693,-0.2156,0.3911,-0.2990,217.5903,61.8896,-36.1328
694,-0.2407,0.4636,0.2123,219.7266,61.0352,-21.3013
695,-0.2216,0.6115,0.7561,229.5532,-5.0049,-7.1411
696,-0.2089,0.5011,0.9264,193.9697,107.1167,-22.0947
697,-0.0825,0.5637,1.3456,142.5781,56.5186,-44.6167
698,-0.0968,0.5562,1.4801,77.6978,3.4180,0.7935
699,-0.0197,0.5381,1.4851,-6.7139,5.6152,-1.0986
700,-0.0177,0.4905,1.2867,-76.5991,-7.6904,0.3662
701,-0.0215,0.5657,1.2229,-153.5034,-12.6343,19.4092
702,-0.0189,0.5546,1.0883,-165.7104,14.0381,15.7471
703,-0.1022,0.4169,0.6375,-245.8496,-18.0054,57.4341
704,-0.1621,0.2916,0.1160,-260.8643,-74.2798,83.8623
705,-0.2709,0.2778,-0.4314,-248.1689,-122.0093,110.1074
706,-0.2719,0.2197,-0.7358,-194.7632,-57.4951,43.7012
707,-0.1750,-0.0402,-1.0442,-169.0674,-42.2363,47.3633
708,-0.2334,-0.3434,-1.4199,-60.8521,-79.8950,74.8901
709,-0.1531,-0.3118,-1.4060,45.5933,4.5166,-16.4185
710,-0.2290,-0.0631,-1.1250,130.8594,47.9736,-35.5835
711,-0.2549,0.1588,-0.8467,186.7676,58.7158,-60.2417
712,-0.1797,0.3605,-0.5002,205.2612,53.8330,-51.3306
713,-0.2098,0.3608,-0.1953,218.4448,42.2974,-22.9492
714,-0.2745,0.4779,0.3834,214.7217,57.3120,-2.9297
715,-0.2511,0.5380,0.7460,229.6143,86.2427,-34.9121
716,-0.0410,0.6714,1.0632,219.6045,85.6323,-89.3555
717,-0.1064,0.5131,1.2935,118.4692,45.1050,-33.2642
718,0.0245,0.3788,1.0115,70.4346,-17.2729,23.6206
719,-0.0515,0.4355,1.1426,-44.3726,-30.2124,27.5879
720,0.1863,0.5975,1.8021,-86.0596,30.3345,-18.4326
721,0.0571,0.3184,1.3105,-180.1758,4.7607,50.1709
722,0.0198,0.3080,0.9712,-218.6279,-29.5410,66.2842
723,-0.1555,0.2244,0.3706,-271.3013,-70.5566,80.7495
724,-0.1952,0.2876,-0.1824,-271.6064,-149.1699,91.9189
725,-0.2275,0.2594,-0.6641,-220.7031,-138.6719,89.3555
726,-0.1461,0.0856,-0.9657,-185.8521,-94.2993,51.7578
727,0.0928,-0.2563,-1.5314,-99.9756,-57.6172,30.8228
728,-0.1309,-0.2615,-1.5569,33.5083,40.0391,-35.8276
729,-0.1495,0.0627,-1.0529,123.4131,50.4761,-33.1421
730,-0.1826,0.3042,-0.8121,160.0342,51.0864,-30.8838
731,-0.1636,0.4199,-0.5387,174.0112,68.3594,-34.4849
732,-0.1978,0.4077,-0.2977,207.1533,66.4673,-28.4424
733,-0.3158,0.3737,0.1439,225.6470,66.0400,-20.1416
734,-0.1947,0.6489,0.7367,201.7822,100.2808,-43.3960
735,-0.0300,0.5396,1.0363,217.2241,82.3364,-24.2310
736,0.0591,0.5083,1.1915,118.4692,68.1763,-36.4380
737,-0.1324,0.5078,1.2677,71.1670,-22.9492,-2.1362
738,0.1456,0.2020,1.2645,-35.7056,-14.4043,21.5454
739,0.0559,0.5197,1.6405,-40.6494,36.4990,-19.8364
740,0.0997,0.4689,1.4427,-146.1792,33.3252,13.6108
741,0.0435,0.3518,1.1160,-200.6836,-16.6016,40.0391
742,-0.0558,0.2384,0.6642,-252.8076,-53.1616,77.0264
743,-0.1403,0.2228,0.0576,-287.2925,-129.8828,107.4219
744,-0.2582,0.3003,-0.4086,-236.9385,-133.9111,73.3032
745,-0.2584,0.2306,-0.6764,-212.1582,-114.0747,68.7866
746,-0.0714,-0.0187,-1.1307,-173.9502,-66.7114,33.6304
747,0.0267,-0.4104,-1.5979,-97.5342,-34.7290,27.4048
748,-0.0737,-0.3248,-1.4666,92.5293,26.7944,-33.9355
749,-0.1613,0.0463,-1.0027,162.4756,46.0205,-19.5923
750,-0.2013,0.2444,-0.7518,184.9976,64.8804,-38.8794
751,-0.2617,0.3564,-0.4800,194.1528,62.6221,-33.4473
752,-0.2017,0.3689,-0.1412,215.3320,60.1196,-22.0947
753,-0.2297,0.3940,0.3804,212.0972,-52.3682,63.4766
754,-0.4076,0.4586,0.7795,235.4736,156.6162,-29.7852
755,-0.0345,0.5513,1.3540,207.3975,197.0825,-129.0894
756,0.0530,0.6456,1.5938,77.6978,-29.9683,-27.4658
757,0.0988,0.6503,1.5887,3.1128,17.2119,-14.2212
758,0.0710,0.4650,1.3209,-76.4771,11.2915,-2.5635
759,0.1603,0.5264,1.4215,-115.2344,40.3442,11.5356
760,0.1222,0.4088,1.1322,-192.6270,-10.2539,59.5093
761,-0.0104,0.2778,0.6682,-275.8179,-43.9453,101.3794
762,-0.1816,0.3018,0.0643,-279.6021,-136.9019,98.8159
763,-0.2634,0.1877,-0.5338,-259.5825,-195.1294,119.5679
764,-0.2870,0.0330,-0.9414,-198.7915,-28.0151,10.7422
765,0.0315,-0.3118,-1.3617,-147.4609,-93.1396,74.7070
766,-0.1058,-0.4012,-1.5664,7.5684,-8.1787,4.2114
767,-0.0819,-0.0442,-1.1613,85.3271,43.1519,-19.9585
768,-0.2091,0.1649,-0.9344,140.7471,57.3730,-37.4756
769,-0.2100,0.3274,-0.7227,156.8604,58.3496,-39.1235
770,-0.2183,0.4144,-0.5201,180.7251,56.4575,-30.0293
771,-0.3093,0.4290,-0.2542,187.0117,79.4678,-23.5596
772,-0.3405,0.4574,0.1530,219.9707,51.9409,-26.4282
773,-0.2156,0.5822,0.6923,231.8726,24.7803,-40.2832
774,-0.2305,0.4752,1.0641,237.2437,100.4028,-72.6929
775,-0.0793,0.6530,1.2303,87.8906,11.7187,-15.6860
776,0.0109,0.2854,0.9296,129.9438,3.0518,7.2632
777,-0.2155,0.5432,0.7406,-119.2017,-70.2515,46.3867
778,0.1112,0.6108,1.5668,-32.1045,7.2021,-19.7144
779,0.0457,0.5846,1.5172,-111.9385,45.1050,2.3193
780,0.0790,0.3951,1.1526,-182.9224,6.2866,27.2827
781,-0.0763,0.3516,0.7562,-237.6709,-17.5781,84.8389
782,-0.2275,0.3718,0.1471,-232.6050,-76.9653,71.4111
783,-0.2335,0.4475,-0.2112,-244.8120,-68.9087,53.0396
784,-0.2451,0.2966,-0.6079,-215.6982,-103.0273,89.2334
785,-0.1771,0.0620,-0.9462,-190.7349,-45.3491,50.9644
786,-0.0897,-0.3420,-1.3987,-118.1030,-87.2192,91.6748
787,-0.1123,-0.4434,-1.5844,24.8413,20.9961,-26.1841
788,-0.2189,-0.0630,-1.0968,133.3008,52.1240,-32.2876
789,-0.2458,0.1852,-0.7877,179.5044,43.3960,-39.8560
790,-0.2408,0.3717,-0.5433,189.2700,47.7905,-34.6069
791,-0.2367,0.3668,-0.3429,211.3037,60.1196,-37.7197
792,-0.2578,0.2927,0.0671,269.1040,97.1069,-58.8989
793,-0.1400,0.5280,0.7937,226.8677,129.5166,-76.8433
794,0.0638,0.4032,1.1033,237.9761,87.5854,-51.2085
795,0.1383,0.5841,1.7144,121.0938,26.7944,-32.0435
796,0.1322,0.6678,1.6157,42.5415,-13.4888,-3.4180
797,0.0729,0.5619,1.3558,-57.0068,8.2397,-3.0518
798,0.1499,0.5875,1.4076,-77.8198,23.9258,-6.7139
799,0.1174,0.4562,1.2156,-156.7383,-7.5684,56.5186
800,0.0173,0.4128,0.8370,-208.8013,-1.2207,80.7495
801,-0.1140,0.4067,0.2426,-235.5957,-62.4390,85.8154
802,-0.2662,0.4747,-0.0542,-232.1167,-76.8433,75.3174
803,-0.2938,0.4163,-0.4088,-220.5811,-99.8535,86.8530
804,-0.1655,0.3331,-0.7694,-176.2695,-136.6577,88.1348
805,-0.1599,0.0764,-1.0247,-153.4424,-38.6353,20.7520
806,-0.1060,-0.2046,-1.3723,-96.9849,-44.9829,28.3813
807,-0.0590,-0.0919,-1.1948,14.2822,14.9536,-5.5542
808,-0.2083,-0.0394,-1.1395,46.7529,42.6025,-10.8643
809,-0.2899,-0.0142,-1.1171,116.6992,40.9546,-38.4521
810,-0.2352,0.2050,-0.8730,159.7290,61.5845,-59.4482
811,-0.1666,0.3694,-0.5419,182.9834,65.5518,-52.4292
812,-0.1846,0.4193,-0.2888,189.0869,62.9272,-24.4751
813,-0.2692,0.3137,-0.1168,251.5869,52.9175,-25.8789
814,-0.1565,0.4022,0.7161,258.1177,166.3818,-91.3086
815,0.0642,0.5745,1.2743,192.9321,40.7104,-61.0962
816,0.0697,0.5594,1.2755,111.0229,-1.2817,-21.2402
817,-0.0427,0.5599,1.1777,55.4199,-16.2964,-6.8359
818,0.0405,0.4701,2.0345,-7.3242,-7.0190,-15.6250
819,0.1180,0.6371,1.6686,-27.8931,3.4790,-14.4043
820,0.1561,0.5891,1.5873,-129.0894,31.7993,7.3242
821,0.1112,0.3586,1.2006,-214.6606,11.4136,42.4805
822,-0.0730,0.1505,0.5472,-284.7290,-35.0952,109.3750
823,-0.1958,0.2078,-0.2469,-282.0435,-133.1177,110.8398
824,-0.2799,0.2347,-0.6578,-239.3799,-33.3862,54.8706
825,-0.1729,-0.0277,-1.0229,-180.6641,-132.5073,107.9102
826,0.0139,-0.4896,-1.6689,-98.5107,-48.6450,23.6816
827,-0.2006,-0.2911,-1.4573,59.2041,14.0991,-39.7949
828,-0.2059,0.0735,-1.0256,137.6343,54.9927,-38.9404
829,-0.2346,0.2827,-0.7865,182.0679,60.5469,-52.9785
830,-0.2400,0.4032,-0.5059,180.9082,60.9741,-55.8472
831,-0.1677,0.4066,-0.2053,224.7925,57.8613,-60.4248
832,-0.1782,0.3274,0.1537,247.4976,54.0771,-61.0352
833,0.0436,0.3245,0.8734,261.5356,90.2100,-68.2983
834,0.0172,0.2363,1.3412,194.5190,-41.1377,-31.7993
835,0.1731,0.6671,1.7290,119.6899,-23.1934,-20.4468
836,0.2157,0.6614,2.2222,-13.3667,-42.1143,-1.8921
837,0.1122,0.5625,1.5002,-74.5850,18.4326,-0.1831
838,0.1808,0.5377,1.3860,-115.5396,56.9458,8.3008
839,0.1139,0.4119,1.1461,-196.2891,17.4561,58.2275
840,0.0111,0.3373,0.6272,-257.0190,20.8130,90.2100
841,-0.1228,0.3912,0.1182,-262.5122,-78.4912,114.5020
842,-0.2151,0.2540,-0.3740,-254.5166,-147.4609,149.1699
843,-0.2295,0.1138,-0.7615,-213.9893,-152.2827,136.2915
844,-0.2080,-0.1683,-1.1666,-170.1660,-34.7290,18.9819
845,-0.2109,-0.5638,-1.6843,-47.0581,-29.9072,18.4937
846,-0.1503,-0.1609,-1.2224,105.7739,9.1553,-37.2925
847,-0.2723,0.0889,-0.9508,152.0386,71.1060,-64.7583
848,-0.2544,0.3109,-0.6315,187.0117,55.5420,-74.8901
849,-0.2196,0.3855,-0.3469,217.8345,18.1274,-51.4526
850,-0.2440,0.2799,0.0084,248.7793,22.7051,-46.8140
851,-0.1748,0.3394,0.5314,228.5767,43.1519,-27.7710
852,-0.0521,0.6853,1.1498,182.3730,67.6880,18.4937
853,0.0155,0.6084,1.3021,168.7012,42.6636,-67.1997
854,0.0018,0.6034,1.3149,57.9834,-22.0947,-13.4888
855,0.1643,0.7522,1.2793,19.3481,-9.2163,-14.8926
856,0.1859,0.6995,1.4736,-95.3979,17.8223,-6.4087
857,0.1630,0.5410,1.3043,-158.3252,42.2974,60.0586
858,-0.0057,0.4080,0.8634,-217.4072,-13.9160,93.9331
859,-0.1090,0.3585,0.3463,-253.6011,-50.4761,89.1113
860,-0.1923,0.2406,-0.2745,-259.4604,-140.0757,120.1172
861,-0.2186,0.2998,-0.5984,-204.1016,-103.5767,76.3550
862,-0.1855,0.1072,-0.9254,-163.8184,-132.5073,76.6602
863,0.0902,-0.1758,-1.3644,-108.9478,-52.3682,18.7988
864,0.0068,-0.3154,-1.5200,-13.7939,-3.0518,6.3477
865,-0.1133,-0.0927,-1.2151,65.4297,57.4341,-24.1699
866,-0.2404,0.0179,-1.0930,135.5591,78.7354,-58.7158
867,-0.1860,0.2777,-0.7023,170.9595,79.3457,-65.8569
868,-0.1622,0.3777,-0.3943,206.5430,77.1484,-67.0776
869,-0.1461,0.4297,0.0270,231.2622,57.9834,-55.8472
870,-0.1461,0.5231,0.6404,238.9526,57.3120,-59.9365
871,-0.2659,0.4757,0.8398,179.9927,37.8418,-41.7480
872,0.0851,0.6598,1.1450,140.9912,3.9062,-40.6494
873,0.1350,0.6576,1.3585,120.7275,0.9155,-32.2266
874,0.1216,0.8564,1.6229,20.8130,-28.8086,-12.6953
875,0.1924,0.6415,1.4260,-37.5366,20.2026,7.4463
876,0.1716,0.6394,1.3944,-118.1030,25.9399,5.1880
877,0.1429,0.4758,1.1802,-178.7109,30.1514,44.3726
878,0.0164,0.4055,0.7733,-218.8110,-23.1323,117.7368
879,-0.1855,0.2875,0.0514,-246.3989,-84.5947,115.6616
880,-0.2294,0.3271,-0.3707,-233.3984,-88.3789,84.6558
881,-0.2115,0.2716,-0.6967,-203.0029,-92.2241,79.5898
882,-0.2471,0.1259,-0.9004,-192.5659,-52.9175,45.7153
883,-0.0529,-0.2172,-1.2322,-126.0376,-123.1689,93.8110
884,0.0294,-0.4655,-1.6047,-17.3950,-9.5825,-11.8408
885,-0.1163,-0.1171,-1.1555,69.8853,59.5093,-19.0430
886,-0.2327,0.0016,-1.0317,136.2305,57.6782,-36.5601
887,-0.2332,0.2240,-0.7720,174.2554,46.3257,-40.8325
888,-0.2100,0.4193,-0.4731,181.5796,34.5459,-16.7847
889,-0.2954,0.4427,-0.2650,193.7866,70.0684,-27.2827
890,-0.3083,0.4915,0.1521,220.2148,70.7397,-24.7803
891,-0.3058,0.5072,0.5001,205.0171,48.2178,-21.1182
892,-0.1008,0.6580,1.0424,206.4209,134.8877,-69.8242
893,-0.1581,0.7117,1.2888,116.3940,6.2866,-37.4756
894,-0.0435,0.6051,1.1388,74.1577,-3.0518,16.7236
895,0.0288,0.5808,1.3558,55.1147,6.7139,-34.9731
896,0.2155,0.8184,1.7941,-53.2837,-12.1460,-6.2866
897,0.0803,0.4735,1.2765,-151.2451,32.1655,20.3857
898,-0.0083,0.3998,0.7992,-197.2656,16.7847,52.7344
899,-0.1417,0.3540,0.3708,-238.7085,-46.8140,88.0737
900,-0.2548,0.3649,-0.1755,-244.0186,-118.1030,91.9800
901,-0.2325,0.3718,-0.5404,-206.4819,-137.8174,83.8623
902,-0.2491,0.3281,-0.7372,-179.6265,-116.2109,68.6646
903,-0.1005,-0.0620,-1.0464,-182.4341,-15.1367,3.6621
904,0.0166,-0.5281,-1.6339,-68.7866,-38.4521,23.5596
905,-0.0500,-0.2922,-1.3101,65.6128,50.1709,-30.5176
906,-0.2031,-0.0333,-1.0920,137.3291,58.7769,-22.6440
907,-0.2771,0.2208,-0.7629,177.0020,78.1250,-52.6733
908,-0.2817,0.3202,-0.5063,203.2471,69.3359,-52.9785
909,-0.2864,0.3943,-0.1698,218.9331,60.8521,-43.5181
910,-0.2281,0.4114,0.2249,235.9619,70.1294,-55.3589
911,-0.0692,0.5771,0.8849,233.4595,95.9473,-82.4585
912,-0.0017,0.4517,1.1735,218.8110,35.1563,-64.8193
913,0.1412,0.5070,1.2196,62.4390,-32.0435,-5.1880
914,0.3926,2.8077,3.9995,108.0933,19.7754,-27.0386
915,0.1698,0.6689,1.6207,-0.1221,41.5039,-30.2124
916,0.1786,0.5837,1.4193,-111.5112,25.6958,4.7607
917,0.1096,0.4248,1.1628,-182.0068,32.9590,46.8140
918,0.0049,0.4108,0.7898,-232.9102,18.7988,89.6606
919,-0.1368,0.2804,0.1361,-272.0337,-70.3735,119.5068
920,-0.2998,0.3596,-0.3317,-236.9385,-94.4824,86.7920
921,-0.2822,0.2766,-0.5934,-219.5435,-53.8330,71.4722
922,-0.2306,0.0603,-0.8828,-184.0820,-83.5571,76.2939
923,0.0205,-0.3734,-1.2893,-140.3198,-71.9604,62.0728
924,-0.1245,-0.5525,-1.7020,2.8076,-18.7378,22.1558
925,-0.1733,-0.2505,-1.2615,89.8438,68.4814,-47.7295
926,-0.2738,0.0391,-0.9619,157.7148,74.0967,-67.7490
927,-0.2214,0.2406,-0.6681,189.5752,53.8940,-63.5376
928,-0.2135,0.3359,-0.3608,225.6470,42.5415,-57.9224
929,-0.2611,0.4069,-0.0438,233.6426,10.4370,-29.4189
930,-0.2692,0.3839,0.5536,264.5264,41.2598,-59.5093
931,-0.1222,0.5272,0.9939,224.9146,24.7192,-47.9126
932,0.1671,0.6145,1.3418,168.7012,19.8364,-50.9033
933,-0.0120,0.5099,1.2856,85.8765,-38.0249,-13.3057
934,-0.1237,0.2561,1.1005,-39.5508,-38.2080,38.7573
935,0.0499,0.5187,1.4380,-47.1802,9.9487,-4.5166
936,0.0994,0.5133,1.4193,-92.3462,59.8145,-0.7935
937,0.0836,0.3824,1.1167,-173.8892,24.2920,49.4995
938,-0.0056,0.3395,0.6953,-205.4443,20.0806,71.3501
939,-0.1208,0.4434,0.2780,-230.2246,-31.7383,84.7168
940,-0.2880,0.5168,-0.1204,-231.2622,-48.9502,65.0635
941,-0.1816,0.4308,-0.4404,-231.0791,-114.2578,106.4453
942,-0.2397,0.1719,-0.7968,-231.2012,-79.2236,110.7178
943,-0.0916,-0.0902,-1.0249,-181.5186,-52.4902,75.4395
944,-0.2164,-0.5262,-1.5314,-65.1245,-24.2920,22.0337
945,-0.0806,-0.3025,-1.2407,49.9878,9.0332,-2.5635
946,-0.2433,-0.1809,-1.1659,113.7085,60.4858,-26.7334
947,-0.3083,0.0723,-0.8732,173.2178,58.4717,-54.3213
948,-0.2852,0.2584,-0.6102,199.0967,56.3354,-53.5278
949,-0.2798,0.3262,-0.3411,222.3511,52.0630,-47.0581
950,-0.2501,0.3763,0.1740,260.1318,38.0859,-35.3394
951,-0.2399,0.6044,0.8082,268.1885,166.7480,-97.1680
952,-0.1622,0.4272,0.9738,185.7300,-2.3804,-33.0200
953,-0.0580,0.5455,1.2441,162.6587,-7.6294,-25.1465
954,0.0776,0.5088,1.3112,97.7783,9.6436,-31.4331
955,-0.0469,0.3394,1.1250,-45.5933,-52.0630,45.0439
956,-0.0507,0.4290,1.1783,-32.0435,5.0659,-6.2256
957,0.0209,0.5234,1.3837,-69.2749,52.0630,-6.5918
958,0.0848,0.4346,1.2505,-143.9209,23.2544,47.6074
959,0.0092,0.4023,0.9137,-187.8662,4.2725,65.8569
960,-0.0916,0.3784,0.4713,-237.5488,-33.3862,73.4253
961,-0.2577,0.4020,-0.0626,-253.3569,-99.4263,87.0361
962,-0.2900,0.4956,-0.3943,-206.9702,-94.6655,55.9692
963,-0.2351,0.4082,-0.6301,-196.2280,-97.8394,60.4858
964,-0.1069,0.1230,-0.9567,-183.0444,-15.5029,11.8408
965,-0.0831,-0.3226,-1.2202,-178.5278,-28.9307,80.3223
966,-0.0337,-0.3994,-1.3712,15.6250,-8.3008,-2.9907
967,-0.2137,-0.2939,-1.2891,120.2393,68.5425,-67.9932
968,-0.2427,-0.0201,-0.9790,185.4858,72.6318,-94.9707
969,-0.2792,0.2035,-0.5909,229.4922,20.9351,-58.7158
970,-0.2290,0.3201,-0.2562,244.3237,17.4561,-42.9688
971,-0.3157,0.3737,0.1396,245.2393,26.6113,-25.0854
972,-0.1858,0.5560,0.7487,237.6099,86.1206,-52.9785
973,0.1316,0.6650,1.3058,224.3652,77.7588,-59.8755
974,0.1394,0.5271,1.3336,133.6670,20.7520,-30.3955
975,-0.0134,0.5602,1.1879,27.6489,-22.3389,2.6245
976,-0.1716,0.3129,0.7386,19.6533,-33.0200,-1.5259
977,-0.1542,0.4578,0.9799,-40.7104,-33.3252,36.7432
978,0.1115,0.5919,1.4542,-36.0718,57.4951,-24.5972
979,0.1290,0.5505,1.3601,-91.6748,30.8228,5.4932
980,0.0725,0.4337,1.0303,-142.2729,17.9443,43.0908
981,0.0215,0.4554,0.8201,-164.5508,4.9438,67.8711
982,-0.1357,0.4725,0.3805,-200.8057,-46.2646,74.4629
983,-0.2457,0.5173,-0.0111,-199.8901,-78.1250,58.7158
984,-0.3231,0.6050,-0.2246,-184.9365,-26.7334,30.7007
985,-0.2158,0.5502,-0.4032,-198.0591,-130.1270,72.6318
986,-0.1584,0.2853,-0.7773,-211.3647,-25.1465,39.3677
987,-0.0962,0.0435,-1.0627,-174.0723,-102.2949,83.7402
988,-0.1288,-0.3955,-1.6108,-159.5459,27.3438,35.4004
989,-0.2510,-0.1770,-1.1907,32.2266,22.8882,0.7935
990,-0.2076,-0.0585,-1.0500,78.2471,36.3159,-37.9028
991,-0.2982,0.0510,-1.0481,137.7563,17.3950,-28.6255
992,-0.2639,0.2330,-0.8235,158.1421,25.3906,-34.8511
993,-0.2749,0.3857,-0.6229,173.6450,25.4517,-23.1323
994,-0.2614,0.4858,-0.3640,186.3403,37.4756,-28.4424
995,-0.2042,0.5529,-0.0049,214.3555,49.8657,-44.9219
996,-0.2277,0.5966,0.3813,215.2100,68.4814,-54.7485
997,-0.1526,0.5546,0.8292,166.1987,60.7910,-61.5845
998,0.1305,0.8043,1.0872,121.4600,25.4517,-26.5503
999,0.1962,0.8275,1.2253,77.0264,24.7192,-42.7246
1000,-0.0671,0.5400,0.7700,15.9302,-17.3950,3.7842
1001,0.0741,0.5514,0.7427,25.9399,5.5542,-4.5776
1002,-0.0122,0.5486,0.8599,36.6211,-15.4419,-4.8828
1003,-0.0808,0.4476,0.6998,-21.9727,-11.4136,27.7100
1004,0.0056,0.4672,0.7363,1.9531,-5.0659,2.2583
1005,-0.0746,0.5438,0.8140,-3.6621,-9.3994,5.1270
1006,-0.0251,0.5253,0.8099,-2.6855,-4.6387,1.8311
1007,-0.0575,0.5237,0.8070,2.3804,-4.8218,2.0752
1008,-0.0583,0.5327,0.8019,1.2817,-7.9956,4.0894
1009,-0.0724,0.5231,0.8038,-2.8076,-14.6484,-0.4272
1010,-0.0525,0.5148,0.8066,0.1831,-5.7983,1.2207
1011,-0.0726,0.5315,0.8101,-1.7700,-2.1973,-0.6714
1012,-0.0688,0.5209,0.7980,-1.8921,-0.4272,-0.8545
1013,-0.0682,0.5222,0.8013,1.5869,-2.0752,0.5493
1014,-0.0791,0.5314,0.8020,0.2441,-8.0566,3.6011
1015,-0.0822,0.5344,0.7993,-0.9766,-2.2583,0.4272
1016,-0.0688,0.5192,0.7991,-0.4272,-4.5166,0.4883
1017,-0.0802,0.5278,0.8022,-0.0610,-0.3662,0.3662
1018,-0.1008,0.5306,0.7980,-1.2207,-0.8545,-1.0986
1019,-0.0608,0.5184,0.8036,1.7700,-2.6245,0.6104
1020,-0.0817,0.5236,0.8004,-1.0376,-5.3711,3.9062
1021,-0.1073,0.5194,0.7878,-0.7935,0.6104,-0.9766
1022,-0.0811,0.5242,0.8146,0.6104,0.3662,-0.6714
1023,-0.0917,0.5225,0.8019,0.3052,-6.8970,2.1362
